{
    "loss": 0.8942861557006836,
    "accuracy": 0.4615384638309479
}